pais,ano,valor_exportacao,quantidade
Afeganistão,2010,0,0
Afeganistão,2011,0,0
Afeganistão,2012,0,0
Afeganistão,2013,0,0
Afeganistão,2014,0,0
Afeganistão,2015,0,0
Afeganistão,2016,0,0
Afeganistão,2017,0,0
Afeganistão,2018,0,0
Afeganistão,2019,0,0
Afeganistão,2020,0,0
Afeganistão,2021,46,11
Afeganistão,2022,0,0
Afeganistão,2023,0,0
Afeganistão,2024,0,0
Alemanha,2010,138666,27715
Alemanha,2011,144150,36070
Alemanha,2012,56342,8189
Alemanha,2013,265978,61699
Alemanha,2014,761653,213348
Alemanha,2015,44780,10680
Alemanha,2016,68109,14012
Alemanha,2017,87702,15467
Alemanha,2018,45382,10794
Alemanha,2019,25467,3660
Alemanha,2020,32605,6261
Alemanha,2021,6741,2698
Alemanha,2022,45367,7630
Alemanha,2023,31853,4806
Alemanha,2024,48095,6666
Angola,2010,189891,33557
Angola,2011,69001,13889
Angola,2012,8861,2833
Angola,2013,9300,1573
Angola,2014,23124,12182
Angola,2015,17089,1908
Angola,2016,35390,7359
Angola,2017,61680,10170
Angola,2018,709,477
Angola,2019,1065,345
Angola,2020,0,0
Angola,2021,0,0
Angola,2022,4761,4068
Angola,2023,0,0
Angola,2024,0,0
Anguilla,2010,0,0
Anguilla,2011,0,0
Anguilla,2012,0,0
Anguilla,2013,0,0
Anguilla,2014,0,0
Anguilla,2015,0,0
Anguilla,2016,0,0
Anguilla,2017,0,0
Anguilla,2018,0,0
Anguilla,2019,0,0
Anguilla,2020,0,0
Anguilla,2021,0,0
Anguilla,2022,0,0
Anguilla,2023,0,0
Anguilla,2024,0,0
Antilhas Holandesas,2010,12808,9810
Antilhas Holandesas,2011,10188,7335
Antilhas Holandesas,2012,14081,9247
Antilhas Holandesas,2013,19565,11281
Antilhas Holandesas,2014,7169,4455
Antilhas Holandesas,2015,10545,6660
Antilhas Holandesas,2016,26450,16641
Antilhas Holandesas,2017,8550,5400
Antilhas Holandesas,2018,0,0
Antilhas Holandesas,2019,0,0
Antilhas Holandesas,2020,0,0
Antilhas Holandesas,2021,0,0
Antilhas Holandesas,2022,0,0
Antilhas Holandesas,2023,0,0
Antilhas Holandesas,2024,0,0
Antígua e Barbuda,2010,0,0
Antígua e Barbuda,2011,0,0
Antígua e Barbuda,2012,0,0
Antígua e Barbuda,2013,0,0
Antígua e Barbuda,2014,0,0
Antígua e Barbuda,2015,0,0
Antígua e Barbuda,2016,0,0
Antígua e Barbuda,2017,0,0
Antígua e Barbuda,2018,191,37
Antígua e Barbuda,2019,1549,219
Antígua e Barbuda,2020,1864,624
Antígua e Barbuda,2021,2268,805
Antígua e Barbuda,2022,1866,419
Antígua e Barbuda,2023,1848,383
Antígua e Barbuda,2024,3329,447
Argentina,2010,0,0
Argentina,2011,55460,13253
Argentina,2012,0,0
Argentina,2013,0,0
Argentina,2014,95130,20385
Argentina,2015,0,0
Argentina,2016,0,0
Argentina,2017,0,0
Argentina,2018,59150,15711
Argentina,2019,0,0
Argentina,2020,4176,1015
Argentina,2021,13,6
Argentina,2022,3232,480
Argentina,2023,36133,4545
Argentina,2024,167696,21015
Argélia,2010,0,0
Argélia,2011,0,0
Argélia,2012,0,0
Argélia,2013,0,0
Argélia,2014,0,0
Argélia,2015,0,0
Argélia,2016,0,0
Argélia,2017,0,0
Argélia,2018,0,0
Argélia,2019,0,0
Argélia,2020,0,0
Argélia,2021,0,0
Argélia,2022,0,0
Argélia,2023,0,0
Argélia,2024,87,6
Aruba,2010,0,0
Aruba,2011,1680,900
Aruba,2012,0,0
Aruba,2013,0,0
Aruba,2014,755,450
Aruba,2015,0,0
Aruba,2016,0,0
Aruba,2017,0,0
Aruba,2018,0,0
Aruba,2019,0,0
Aruba,2020,0,0
Aruba,2021,0,0
Aruba,2022,0,0
Aruba,2023,0,0
Aruba,2024,0,0
Arábia Saudita,2010,0,0
Arábia Saudita,2011,0,0
Arábia Saudita,2012,0,0
Arábia Saudita,2013,0,0
Arábia Saudita,2014,0,0
Arábia Saudita,2015,0,0
Arábia Saudita,2016,0,0
Arábia Saudita,2017,0,0
Arábia Saudita,2018,0,0
Arábia Saudita,2019,0,0
Arábia Saudita,2020,0,0
Arábia Saudita,2021,0,0
Arábia Saudita,2022,0,0
Arábia Saudita,2023,142,124
Arábia Saudita,2024,54,32
Austrália,2010,17960,1823
Austrália,2011,40704,3632
Austrália,2012,56045,9345
Austrália,2013,101715,16707
Austrália,2014,43709,6308
Austrália,2015,48011,7437
Austrália,2016,13799,1954
Austrália,2017,7500,1350
Austrália,2018,6902,2055
Austrália,2019,4682,1161
Austrália,2020,3413,1013
Austrália,2021,4034,705
Austrália,2022,12299,1424
Austrália,2023,13565,2485
Austrália,2024,19152,2070
Bahamas,2010,12759,3175
Bahamas,2011,28810,4529
Bahamas,2012,12087,1374
Bahamas,2013,5145,581
Bahamas,2014,0,0
Bahamas,2015,0,0
Bahamas,2016,0,0
Bahamas,2017,0,0
Bahamas,2018,634,141
Bahamas,2019,3124,791
Bahamas,2020,3703,1212
Bahamas,2021,4567,1083
Bahamas,2022,5799,1215
Bahamas,2023,7402,1348
Bahamas,2024,7457,1632
Bangladesh,2010,0,0
Bangladesh,2011,0,0
Bangladesh,2012,0,0
Bangladesh,2013,0,0
Bangladesh,2014,0,0
Bangladesh,2015,0,0
Bangladesh,2016,0,0
Bangladesh,2017,0,0
Bangladesh,2018,0,0
Bangladesh,2019,0,0
Bangladesh,2020,29,3
Bangladesh,2021,20,2
Bangladesh,2022,84,7
Bangladesh,2023,0,0
Bangladesh,2024,0,0
Barbados,2010,0,0
Barbados,2011,0,0
Barbados,2012,0,0
Barbados,2013,0,0
Barbados,2014,0,0
Barbados,2015,0,0
Barbados,2016,0,0
Barbados,2017,0,0
Barbados,2018,0,0
Barbados,2019,394,36
Barbados,2020,169,143
Barbados,2021,844,216
Barbados,2022,1145,220
Barbados,2023,303,58
Barbados,2024,580,773
Barein,2010,0,0
Barein,2011,0,0
Barein,2012,0,0
Barein,2013,0,0
Barein,2014,0,0
Barein,2015,0,0
Barein,2016,0,0
Barein,2017,0,0
Barein,2018,0,0
Barein,2019,2144,482
Barein,2020,28,8
Barein,2021,894,302
Barein,2022,2789,979
Barein,2023,1684,283
Barein,2024,1044,178
Belice,2010,0,0
Belice,2011,0,0
Belice,2012,0,0
Belice,2013,0,0
Belice,2014,0,0
Belice,2015,0,0
Belice,2016,0,0
Belice,2017,0,0
Belice,2018,0,0
Belice,2019,29,9
Belice,2020,0,0
Belice,2021,0,0
Belice,2022,0,0
Belice,2023,0,0
Belice,2024,0,0
Benin,2010,0,0
Benin,2011,0,0
Benin,2012,0,0
Benin,2013,0,0
Benin,2014,0,0
Benin,2015,0,0
Benin,2016,20333,5040
Benin,2017,0,0
Benin,2018,0,0
Benin,2019,9,9
Benin,2020,0,0
Benin,2021,0,0
Benin,2022,0,0
Benin,2023,0,0
Benin,2024,0,0
Bermudas,2010,0,0
Bermudas,2011,0,0
Bermudas,2012,0,0
Bermudas,2013,0,0
Bermudas,2014,0,0
Bermudas,2015,0,0
Bermudas,2016,0,0
Bermudas,2017,0,0
Bermudas,2018,0,0
Bermudas,2019,0,0
Bermudas,2020,0,0
Bermudas,2021,0,0
Bermudas,2022,0,0
Bermudas,2023,153,16
Bermudas,2024,823,102
Bolívia,2010,282,54
Bolívia,2011,20215,12775
Bolívia,2012,16804,11868
Bolívia,2013,25998,19147
Bolívia,2014,18303,12534
Bolívia,2015,12990,10674
Bolívia,2016,16902,13586
Bolívia,2017,23085,9495
Bolívia,2018,57424,21566
Bolívia,2019,0,0
Bolívia,2020,16025,9900
Bolívia,2021,8360,5850
Bolívia,2022,49011,32530
Bolívia,2023,36950,21926
Bolívia,2024,30293,20334
Brasil,2010,0,0
Brasil,2011,0,0
Brasil,2012,0,0
Brasil,2013,0,0
Brasil,2014,0,0
Brasil,2015,0,0
Brasil,2016,0,0
Brasil,2017,0,0
Brasil,2018,0,0
Brasil,2019,0,0
Brasil,2020,0,0
Brasil,2021,46,31
Brasil,2022,952,2504
Brasil,2023,0,0
Brasil,2024,244,96
Bulgária,2010,0,0
Bulgária,2011,0,0
Bulgária,2012,0,0
Bulgária,2013,0,0
Bulgária,2014,0,0
Bulgária,2015,0,0
Bulgária,2016,0,0
Bulgária,2017,1579,117
Bulgária,2018,0,0
Bulgária,2019,0,0
Bulgária,2020,0,0
Bulgária,2021,0,0
Bulgária,2022,31,5
Bulgária,2023,0,0
Bulgária,2024,184,18
Bélgica,2010,185411,42532
Bélgica,2011,62339,11802
Bélgica,2012,90718,16132
Bélgica,2013,95893,22461
Bélgica,2014,704093,151320
Bélgica,2015,26399,4473
Bélgica,2016,46534,7200
Bélgica,2017,16405,2790
Bélgica,2018,52799,7497
Bélgica,2019,12548,2498
Bélgica,2020,20460,3166
Bélgica,2021,3749,483
Bélgica,2022,6145,828
Bélgica,2023,683,95
Bélgica,2024,8334,960
Bósnia-Herzegovina,2010,0,0
Bósnia-Herzegovina,2011,0,0
Bósnia-Herzegovina,2012,0,0
Bósnia-Herzegovina,2013,0,0
Bósnia-Herzegovina,2014,0,0
Bósnia-Herzegovina,2015,0,0
Bósnia-Herzegovina,2016,0,0
Bósnia-Herzegovina,2017,0,0
Bósnia-Herzegovina,2018,0,0
Bósnia-Herzegovina,2019,0,0
Bósnia-Herzegovina,2020,52,45
Bósnia-Herzegovina,2021,0,0
Bósnia-Herzegovina,2022,0,0
Bósnia-Herzegovina,2023,0,0
Bósnia-Herzegovina,2024,0,0
Cabo Verde,2010,49366,11991
Cabo Verde,2011,825,600
Cabo Verde,2012,0,0
Cabo Verde,2013,0,0
Cabo Verde,2014,0,0
Cabo Verde,2015,0,0
Cabo Verde,2016,0,0
Cabo Verde,2017,0,0
Cabo Verde,2018,48,18
Cabo Verde,2019,0,0
Cabo Verde,2020,0,0
Cabo Verde,2021,124,16
Cabo Verde,2022,0,0
Cabo Verde,2023,0,0
Cabo Verde,2024,0,0
Camarões,2010,0,0
Camarões,2011,0,0
Camarões,2012,0,0
Camarões,2013,0,0
Camarões,2014,0,0
Camarões,2015,0,0
Camarões,2016,0,0
Camarões,2017,7476,1749
Camarões,2018,0,0
Camarões,2019,0,0
Camarões,2020,178,0
Camarões,2021,0,0
Camarões,2022,0,0
Camarões,2023,0,0
Camarões,2024,0,0
Canadá,2010,0,0
Canadá,2011,128076,28906
Canadá,2012,146035,14304
Canadá,2013,174643,25329
Canadá,2014,226875,35082
Canadá,2015,118394,24547
Canadá,2016,71096,13711
Canadá,2017,30658,6075
Canadá,2018,20414,5308
Canadá,2019,6933,1589
Canadá,2020,8431,1672
Canadá,2021,6157,1172
Canadá,2022,5784,1183
Canadá,2023,42179,11539
Canadá,2024,35179,4320
Catar,2010,0,0
Catar,2011,0,0
Catar,2012,0,0
Catar,2013,0,0
Catar,2014,0,0
Catar,2015,0,0
Catar,2016,0,0
Catar,2017,81606,13338
Catar,2018,0,0
Catar,2019,0,0
Catar,2020,0,0
Catar,2021,2,1
Catar,2022,0,0
Catar,2023,18,5
Catar,2024,0,0
"Cayman, Ilhas",2010,0,0
"Cayman, Ilhas",2011,0,0
"Cayman, Ilhas",2012,0,0
"Cayman, Ilhas",2013,0,0
"Cayman, Ilhas",2014,0,0
"Cayman, Ilhas",2015,0,0
"Cayman, Ilhas",2016,0,0
"Cayman, Ilhas",2017,0,0
"Cayman, Ilhas",2018,203,19
"Cayman, Ilhas",2019,106,19
"Cayman, Ilhas",2020,339,123
"Cayman, Ilhas",2021,356,104
"Cayman, Ilhas",2022,958,160
"Cayman, Ilhas",2023,2632,438
"Cayman, Ilhas",2024,591,180
Chile,2010,0,0
Chile,2011,0,0
Chile,2012,15438,8550
Chile,2013,0,0
Chile,2014,0,0
Chile,2015,0,0
Chile,2016,0,0
Chile,2017,0,0
Chile,2018,42832,11049
Chile,2019,0,0
Chile,2020,13,11
Chile,2021,6,26
Chile,2022,7986,2094
Chile,2023,63,9
Chile,2024,0,0
China,2010,2358,795
China,2011,334867,54156
China,2012,642177,87905
China,2013,279956,40929
China,2014,455340,64040
China,2015,222866,47609
China,2016,499622,134106
China,2017,266086,67594
China,2018,126336,30835
China,2019,376828,129852
China,2020,363000,122253
China,2021,264116,61884
China,2022,404647,105395
China,2023,183096,73917
China,2024,182595,34231
Chipre,2010,0,0
Chipre,2011,0,0
Chipre,2012,0,0
Chipre,2013,0,0
Chipre,2014,0,0
Chipre,2015,0,0
Chipre,2016,0,0
Chipre,2017,0,0
Chipre,2018,480,279
Chipre,2019,1843,672
Chipre,2020,6785,2478
Chipre,2021,4530,1855
Chipre,2022,4458,1521
Chipre,2023,2995,524
Chipre,2024,4308,988
Cingapura,2010,5504,1533
Cingapura,2011,3317,911
Cingapura,2012,5310,1212
Cingapura,2013,5779,766
Cingapura,2014,3887,541
Cingapura,2015,2774,1116
Cingapura,2016,13199,5445
Cingapura,2017,0,0
Cingapura,2018,11616,3298
Cingapura,2019,19099,5044
Cingapura,2020,9316,4049
Cingapura,2021,0,0
Cingapura,2022,0,0
Cingapura,2023,0,0
Cingapura,2024,0,0
"Cocos (Keeling), Ilhas",2010,0,0
"Cocos (Keeling), Ilhas",2011,0,0
"Cocos (Keeling), Ilhas",2012,0,0
"Cocos (Keeling), Ilhas",2013,0,0
"Cocos (Keeling), Ilhas",2014,0,0
"Cocos (Keeling), Ilhas",2015,0,0
"Cocos (Keeling), Ilhas",2016,0,0
"Cocos (Keeling), Ilhas",2017,0,0
"Cocos (Keeling), Ilhas",2018,0,0
"Cocos (Keeling), Ilhas",2019,0,0
"Cocos (Keeling), Ilhas",2020,0,0
"Cocos (Keeling), Ilhas",2021,0,0
"Cocos (Keeling), Ilhas",2022,60,26
"Cocos (Keeling), Ilhas",2023,0,0
"Cocos (Keeling), Ilhas",2024,0,0
Colômbia,2010,0,0
Colômbia,2011,0,0
Colômbia,2012,0,0
Colômbia,2013,30,8
Colômbia,2014,0,0
Colômbia,2015,0,0
Colômbia,2016,0,0
Colômbia,2017,0,0
Colômbia,2018,26273,6944
Colômbia,2019,1999,897
Colômbia,2020,23780,15660
Colômbia,2021,21867,12160
Colômbia,2022,14068,8217
Colômbia,2023,1259,450
Colômbia,2024,0,0
Comores,2010,0,0
Comores,2011,0,0
Comores,2012,0,0
Comores,2013,0,0
Comores,2014,0,0
Comores,2015,0,0
Comores,2016,0,0
Comores,2017,0,0
Comores,2018,0,0
Comores,2019,0,0
Comores,2020,25,9
Comores,2021,0,0
Comores,2022,0,0
Comores,2023,0,0
Comores,2024,0,0
Congo,2010,0,0
Congo,2011,570,360
Congo,2012,0,0
Congo,2013,0,0
Congo,2014,0,0
Congo,2015,0,0
Congo,2016,0,0
Congo,2017,0,0
Congo,2018,0,0
Congo,2019,0,0
Congo,2020,0,0
Congo,2021,0,0
Congo,2022,0,0
Congo,2023,26600,17100
Congo,2024,3753,2340
"Coreia, Republica Sul",2010,0,0
"Coreia, Republica Sul",2011,0,0
"Coreia, Republica Sul",2012,0,0
"Coreia, Republica Sul",2013,0,0
"Coreia, Republica Sul",2014,0,0
"Coreia, Republica Sul",2015,0,0
"Coreia, Republica Sul",2016,20,8
"Coreia, Republica Sul",2017,0,0
"Coreia, Republica Sul",2018,109,120
"Coreia, Republica Sul",2019,194,70
"Coreia, Republica Sul",2020,433,103
"Coreia, Republica Sul",2021,100,67
"Coreia, Republica Sul",2022,257,77
"Coreia, Republica Sul",2023,171,25
"Coreia, Republica Sul",2024,1050,173
Costa Rica,2010,0,0
Costa Rica,2011,0,0
Costa Rica,2012,0,0
Costa Rica,2013,0,0
Costa Rica,2014,0,0
Costa Rica,2015,0,0
Costa Rica,2016,0,0
Costa Rica,2017,0,0
Costa Rica,2018,0,0
Costa Rica,2019,0,0
Costa Rica,2020,0,0
Costa Rica,2021,0,0
Costa Rica,2022,0,0
Costa Rica,2023,0,0
Costa Rica,2024,0,0
Costa do Marfim,2010,0,0
Costa do Marfim,2011,0,0
Costa do Marfim,2012,0,0
Costa do Marfim,2013,0,0
Costa do Marfim,2014,0,0
Costa do Marfim,2015,0,0
Costa do Marfim,2016,0,0
Costa do Marfim,2017,0,0
Costa do Marfim,2018,0,0
Costa do Marfim,2019,0,0
Costa do Marfim,2020,0,0
Costa do Marfim,2021,0,0
Costa do Marfim,2022,0,0
Costa do Marfim,2023,0,0
Costa do Marfim,2024,0,0
Coveite (Kuweit),2010,0,0
Coveite (Kuweit),2011,0,0
Coveite (Kuweit),2012,0,0
Coveite (Kuweit),2013,0,0
Coveite (Kuweit),2014,0,0
Coveite (Kuweit),2015,0,0
Coveite (Kuweit),2016,0,0
Coveite (Kuweit),2017,0,0
Coveite (Kuweit),2018,0,0
Coveite (Kuweit),2019,0,0
Coveite (Kuweit),2020,0,0
Coveite (Kuweit),2021,0,0
Coveite (Kuweit),2022,0,0
Coveite (Kuweit),2023,0,0
Coveite (Kuweit),2024,72,16
Croácia,2010,0,0
Croácia,2011,0,0
Croácia,2012,0,0
Croácia,2013,0,0
Croácia,2014,0,0
Croácia,2015,0,0
Croácia,2016,0,0
Croácia,2017,0,0
Croácia,2018,0,0
Croácia,2019,0,0
Croácia,2020,123,21
Croácia,2021,0,0
Croácia,2022,484,34
Croácia,2023,0,0
Croácia,2024,44,23
Cuba,2010,0,0
Cuba,2011,4899,2880
Cuba,2012,0,0
Cuba,2013,0,0
Cuba,2014,43200,38875
Cuba,2015,108864,97965
Cuba,2016,69830,63741
Cuba,2017,72229,62791
Cuba,2018,5584,4776
Cuba,2019,0,0
Cuba,2020,0,0
Cuba,2021,0,0
Cuba,2022,6,16
Cuba,2023,0,0
Cuba,2024,0,0
Curaçao,2010,0,0
Curaçao,2011,0,0
Curaçao,2012,0,0
Curaçao,2013,0,0
Curaçao,2014,0,0
Curaçao,2015,0,0
Curaçao,2016,0,0
Curaçao,2017,23011,12340
Curaçao,2018,43676,23930
Curaçao,2019,62067,33951
Curaçao,2020,65986,47962
Curaçao,2021,58993,32263
Curaçao,2022,66950,40673
Curaçao,2023,40807,25135
Curaçao,2024,50990,25146
Dinamarca,2010,69161,7034
Dinamarca,2011,83057,32797
Dinamarca,2012,23802,4716
Dinamarca,2013,101915,17892
Dinamarca,2014,16871,3240
Dinamarca,2015,29306,7080
Dinamarca,2016,8171,1278
Dinamarca,2017,2829,581
Dinamarca,2018,0,0
Dinamarca,2019,306,240
Dinamarca,2020,1962,659
Dinamarca,2021,504,87
Dinamarca,2022,6,2
Dinamarca,2023,15261,1734
Dinamarca,2024,185,11
Dominica,2010,0,0
Dominica,2011,0,0
Dominica,2012,0,0
Dominica,2013,0,0
Dominica,2014,0,0
Dominica,2015,0,0
Dominica,2016,0,0
Dominica,2017,0,0
Dominica,2018,0,0
Dominica,2019,0,0
Dominica,2020,0,0
Dominica,2021,634,460
Dominica,2022,2223,1485
Dominica,2023,0,0
Dominica,2024,4545,947
El Salvador,2010,0,0
El Salvador,2011,0,0
El Salvador,2012,0,0
El Salvador,2013,0,0
El Salvador,2014,0,0
El Salvador,2015,0,0
El Salvador,2016,0,0
El Salvador,2017,0,0
El Salvador,2018,0,0
El Salvador,2019,0,0
El Salvador,2020,0,0
El Salvador,2021,0,0
El Salvador,2022,0,0
El Salvador,2023,0,0
El Salvador,2024,0,0
Emirados Arabes Unidos,2010,3206,1035
Emirados Arabes Unidos,2011,6594,2120
Emirados Arabes Unidos,2012,3300,675
Emirados Arabes Unidos,2013,0,0
Emirados Arabes Unidos,2014,3381,640
Emirados Arabes Unidos,2015,3740,765
Emirados Arabes Unidos,2016,2760,585
Emirados Arabes Unidos,2017,3302,675
Emirados Arabes Unidos,2018,1762,360
Emirados Arabes Unidos,2019,2202,450
Emirados Arabes Unidos,2020,2279,581
Emirados Arabes Unidos,2021,10522,810
Emirados Arabes Unidos,2022,85465,4781
Emirados Arabes Unidos,2023,6762,1417
Emirados Arabes Unidos,2024,8253,1688
Equador,2010,0,0
Equador,2011,0,0
Equador,2012,0,0
Equador,2013,0,0
Equador,2014,0,0
Equador,2015,0,0
Equador,2016,0,0
Equador,2017,0,0
Equador,2018,0,0
Equador,2019,3,2
Equador,2020,3824,3780
Equador,2021,0,0
Equador,2022,210,135
Equador,2023,4392,2790
Equador,2024,0,0
"Eslovaca, Republica",2010,0,0
"Eslovaca, Republica",2011,0,0
"Eslovaca, Republica",2012,0,0
"Eslovaca, Republica",2013,0,0
"Eslovaca, Republica",2014,0,0
"Eslovaca, Republica",2015,0,0
"Eslovaca, Republica",2016,0,0
"Eslovaca, Republica",2017,0,0
"Eslovaca, Republica",2018,0,0
"Eslovaca, Republica",2019,0,0
"Eslovaca, Republica",2020,0,0
"Eslovaca, Republica",2021,0,0
"Eslovaca, Republica",2022,0,0
"Eslovaca, Republica",2023,0,0
"Eslovaca, Republica",2024,0,0
Espanha,2010,0,0
Espanha,2011,24618,5206
Espanha,2012,0,0
Espanha,2013,3748940,1972980
Espanha,2014,0,0
Espanha,2015,0,0
Espanha,2016,0,0
Espanha,2017,0,0
Espanha,2018,22631,6123
Espanha,2019,1353,3540
Espanha,2020,126,28
Espanha,2021,0,0
Espanha,2022,0,0
Espanha,2023,4171,180
Espanha,2024,2062,191
Estados Unidos,2010,478630,228968
Estados Unidos,2011,1030254,306787
Estados Unidos,2012,303986,146585
Estados Unidos,2013,786556,245368
Estados Unidos,2014,494216,222267
Estados Unidos,2015,524109,195896
Estados Unidos,2016,687411,258072
Estados Unidos,2017,1523699,132688
Estados Unidos,2018,512519,169109
Estados Unidos,2019,616274,209765
Estados Unidos,2020,610793,300178
Estados Unidos,2021,203554,111085
Estados Unidos,2022,447893,220373
Estados Unidos,2023,429091,229839
Estados Unidos,2024,648724,310410
Estônia,2010,40778,15848
Estônia,2011,5336,450
Estônia,2012,19384,3321
Estônia,2013,0,0
Estônia,2014,0,0
Estônia,2015,0,0
Estônia,2016,4800,900
Estônia,2017,0,0
Estônia,2018,0,0
Estônia,2019,0,0
Estônia,2020,0,0
Estônia,2021,0,0
Estônia,2022,0,0
Estônia,2023,0,0
Estônia,2024,0,0
Filipinas,2010,0,0
Filipinas,2011,0,0
Filipinas,2012,0,0
Filipinas,2013,0,0
Filipinas,2014,0,0
Filipinas,2015,0,0
Filipinas,2016,0,0
Filipinas,2017,0,0
Filipinas,2018,16205,9608
Filipinas,2019,2486,736
Filipinas,2020,1548,719
Filipinas,2021,10368,2784
Filipinas,2022,790,375
Filipinas,2023,334,94
Filipinas,2024,27378,11514
Finlândia,2010,0,0
Finlândia,2011,50394,12404
Finlândia,2012,67959,17100
Finlândia,2013,283114,36682
Finlândia,2014,94962,12960
Finlândia,2015,0,0
Finlândia,2016,41003,7617
Finlândia,2017,0,0
Finlândia,2018,0,0
Finlândia,2019,0,0
Finlândia,2020,0,0
Finlândia,2021,0,0
Finlândia,2022,0,0
Finlândia,2023,11,5
Finlândia,2024,0,0
França,2010,18904,3614
França,2011,0,0
França,2012,185791,195604
França,2013,42256,6885
França,2014,167807,33755
França,2015,4749,1596
França,2016,30055,6037
França,2017,21654,4253
França,2018,48677,11077
França,2019,67072,18286
França,2020,57144,12622
França,2021,23742,7052
França,2022,25008,5694
França,2023,14722,2265
França,2024,29768,3729
Gabão,2010,0,0
Gabão,2011,0,0
Gabão,2012,0,0
Gabão,2013,0,0
Gabão,2014,0,0
Gabão,2015,0,0
Gabão,2016,0,0
Gabão,2017,0,0
Gabão,2018,0,0
Gabão,2019,0,0
Gabão,2020,0,0
Gabão,2021,0,0
Gabão,2022,0,0
Gabão,2023,0,0
Gabão,2024,18,5
Gana,2010,0,0
Gana,2011,0,0
Gana,2012,0,0
Gana,2013,0,0
Gana,2014,0,0
Gana,2015,0,0
Gana,2016,0,0
Gana,2017,0,0
Gana,2018,13502,9000
Gana,2019,10010,7673
Gana,2020,22027,18810
Gana,2021,19196,12578
Gana,2022,49304,35949
Gana,2023,29473,7237
Gana,2024,91317,54828
Gibraltar,2010,0,0
Gibraltar,2011,0,0
Gibraltar,2012,0,0
Gibraltar,2013,0,0
Gibraltar,2014,0,0
Gibraltar,2015,0,0
Gibraltar,2016,0,0
Gibraltar,2017,0,0
Gibraltar,2018,0,0
Gibraltar,2019,93,23
Gibraltar,2020,2860,769
Gibraltar,2021,0,0
Gibraltar,2022,0,0
Gibraltar,2023,0,0
Gibraltar,2024,13,5
Granada,2010,0,0
Granada,2011,0,0
Granada,2012,0,0
Granada,2013,0,0
Granada,2014,0,0
Granada,2015,0,0
Granada,2016,0,0
Granada,2017,0,0
Granada,2018,0,0
Granada,2019,0,0
Granada,2020,0,0
Granada,2021,0,0
Granada,2022,7914,5610
Granada,2023,0,0
Granada,2024,0,0
Grécia,2010,0,0
Grécia,2011,0,0
Grécia,2012,0,0
Grécia,2013,0,0
Grécia,2014,0,0
Grécia,2015,0,0
Grécia,2016,0,0
Grécia,2017,0,0
Grécia,2018,730,232
Grécia,2019,1994,561
Grécia,2020,18092,6859
Grécia,2021,3014,908
Grécia,2022,2426,920
Grécia,2023,3214,1294
Grécia,2024,2051,617
Guatemala,2010,0,0
Guatemala,2011,0,0
Guatemala,2012,0,0
Guatemala,2013,0,0
Guatemala,2014,0,0
Guatemala,2015,0,0
Guatemala,2016,0,0
Guatemala,2017,0,0
Guatemala,2018,0,0
Guatemala,2019,8719,1597
Guatemala,2020,0,0
Guatemala,2021,29100,17347
Guatemala,2022,5350,1283
Guatemala,2023,3758,2053
Guatemala,2024,14268,7957
Guiana,2010,3654,783
Guiana,2011,0,0
Guiana,2012,0,0
Guiana,2013,0,0
Guiana,2014,0,0
Guiana,2015,0,0
Guiana,2016,0,0
Guiana,2017,0,0
Guiana,2018,0,0
Guiana,2019,1311,424
Guiana,2020,2577,990
Guiana,2021,6525,2372
Guiana,2022,5823,2064
Guiana,2023,88715,33651
Guiana,2024,349244,115884
Guiana Francesa,2010,0,0
Guiana Francesa,2011,0,0
Guiana Francesa,2012,0,0
Guiana Francesa,2013,0,0
Guiana Francesa,2014,0,0
Guiana Francesa,2015,0,0
Guiana Francesa,2016,0,0
Guiana Francesa,2017,0,0
Guiana Francesa,2018,0,0
Guiana Francesa,2019,0,0
Guiana Francesa,2020,0,0
Guiana Francesa,2021,32,90
Guiana Francesa,2022,18,22
Guiana Francesa,2023,0,0
Guiana Francesa,2024,0,0
Guine Bissau,2010,0,0
Guine Bissau,2011,0,0
Guine Bissau,2012,0,0
Guine Bissau,2013,0,0
Guine Bissau,2014,0,0
Guine Bissau,2015,0,0
Guine Bissau,2016,0,0
Guine Bissau,2017,90,48
Guine Bissau,2018,0,0
Guine Bissau,2019,0,0
Guine Bissau,2020,0,0
Guine Bissau,2021,0,0
Guine Bissau,2022,0,0
Guine Bissau,2023,0,0
Guine Bissau,2024,0,0
Guine Equatorial,2010,1015,410
Guine Equatorial,2011,1979,956
Guine Equatorial,2012,2530,819
Guine Equatorial,2013,5336,1108
Guine Equatorial,2014,11983,5646
Guine Equatorial,2015,0,0
Guine Equatorial,2016,0,0
Guine Equatorial,2017,30563,2639
Guine Equatorial,2018,26808,8389
Guine Equatorial,2019,0,0
Guine Equatorial,2020,0,0
Guine Equatorial,2021,0,0
Guine Equatorial,2022,0,0
Guine Equatorial,2023,0,0
Guine Equatorial,2024,4279,2250
Haiti,2010,3750,2700
Haiti,2011,0,0
Haiti,2012,0,0
Haiti,2013,0,0
Haiti,2014,0,0
Haiti,2015,0,0
Haiti,2016,0,0
Haiti,2017,0,0
Haiti,2018,144425,79500
Haiti,2019,129803,81873
Haiti,2020,471152,399128
Haiti,2021,831181,670379
Haiti,2022,741014,553503
Haiti,2023,871661,559645
Haiti,2024,713158,450690
Honduras,2010,0,0
Honduras,2011,0,0
Honduras,2012,0,0
Honduras,2013,0,0
Honduras,2014,0,0
Honduras,2015,0,0
Honduras,2016,0,0
Honduras,2017,0,0
Honduras,2018,0,0
Honduras,2019,0,0
Honduras,2020,0,0
Honduras,2021,0,0
Honduras,2022,0,0
Honduras,2023,0,0
Honduras,2024,0,0
Hong Kong,2010,0,0
Hong Kong,2011,7975,2063
Hong Kong,2012,7653,1609
Hong Kong,2013,61224,16013
Hong Kong,2014,63534,18130
Hong Kong,2015,7837,1229
Hong Kong,2016,86199,6975
Hong Kong,2017,8180,1934
Hong Kong,2018,9029,1742
Hong Kong,2019,42020,9651
Hong Kong,2020,41987,15159
Hong Kong,2021,39390,12507
Hong Kong,2022,38218,9371
Hong Kong,2023,71025,16255
Hong Kong,2024,30490,6696
Hungria,2010,4103,540
Hungria,2011,0,0
Hungria,2012,0,0
Hungria,2013,0,0
Hungria,2014,0,0
Hungria,2015,0,0
Hungria,2016,0,0
Hungria,2017,0,0
Hungria,2018,0,0
Hungria,2019,0,0
Hungria,2020,0,0
Hungria,2021,583,87
Hungria,2022,0,0
Hungria,2023,0,0
Hungria,2024,27,14
Ilha de Man,2010,0,0
Ilha de Man,2011,0,0
Ilha de Man,2012,0,0
Ilha de Man,2013,0,0
Ilha de Man,2014,0,0
Ilha de Man,2015,0,0
Ilha de Man,2016,0,0
Ilha de Man,2017,0,0
Ilha de Man,2018,0,0
Ilha de Man,2019,175,28
Ilha de Man,2020,121,11
Ilha de Man,2021,445,97
Ilha de Man,2022,641,165
Ilha de Man,2023,4533,1428
Ilha de Man,2024,587,124
Ilhas Virgens,2010,0,0
Ilhas Virgens,2011,0,0
Ilhas Virgens,2012,0,0
Ilhas Virgens,2013,0,0
Ilhas Virgens,2014,0,0
Ilhas Virgens,2015,0,0
Ilhas Virgens,2016,0,0
Ilhas Virgens,2017,0,0
Ilhas Virgens,2018,0,0
Ilhas Virgens,2019,0,0
Ilhas Virgens,2020,0,0
Ilhas Virgens,2021,0,0
Ilhas Virgens,2022,0,0
Ilhas Virgens,2023,0,0
Ilhas Virgens,2024,0,0
Indonésia,2010,0,0
Indonésia,2011,0,0
Indonésia,2012,0,0
Indonésia,2013,0,0
Indonésia,2014,0,0
Indonésia,2015,0,0
Indonésia,2016,0,0
Indonésia,2017,0,0
Indonésia,2018,0,0
Indonésia,2019,0,0
Indonésia,2020,6,5
Indonésia,2021,0,0
Indonésia,2022,0,0
Indonésia,2023,30,9
Indonésia,2024,0,0
Iraque,2010,0,0
Iraque,2011,0,0
Iraque,2012,0,0
Iraque,2013,0,0
Iraque,2014,0,0
Iraque,2015,0,0
Iraque,2016,0,0
Iraque,2017,0,0
Iraque,2018,0,0
Iraque,2019,0,0
Iraque,2020,0,0
Iraque,2021,0,0
Iraque,2022,0,0
Iraque,2023,0,0
Iraque,2024,0,0
Irlanda,2010,42795,3969
Irlanda,2011,35690,5376
Irlanda,2012,0,0
Irlanda,2013,0,0
Irlanda,2014,0,0
Irlanda,2015,0,0
Irlanda,2016,0,0
Irlanda,2017,0,0
Irlanda,2018,25767,7560
Irlanda,2019,0,0
Irlanda,2020,257,29
Irlanda,2021,208,36
Irlanda,2022,0,0
Irlanda,2023,377,150
Irlanda,2024,132,32
Irã,2010,0,0
Irã,2011,0,0
Irã,2012,0,0
Irã,2013,0,0
Irã,2014,0,0
Irã,2015,0,0
Irã,2016,0,0
Irã,2017,0,0
Irã,2018,0,0
Irã,2019,0,0
Irã,2020,35,21
Irã,2021,287,116
Irã,2022,90,47
Irã,2023,0,0
Irã,2024,0,0
Itália,2010,4828,1458
Itália,2011,80298,11999
Itália,2012,5622,792
Itália,2013,11967,1710
Itália,2014,2492,604
Itália,2015,0,0
Itália,2016,3465,585
Itália,2017,2248,468
Itália,2018,13260,3661
Itália,2019,1625,587
Itália,2020,376,91
Itália,2021,3715,696
Itália,2022,6151,1129
Itália,2023,27665,2922
Itália,2024,11642,2431
Jamaica,2010,0,0
Jamaica,2011,0,0
Jamaica,2012,0,0
Jamaica,2013,0,0
Jamaica,2014,0,0
Jamaica,2015,0,0
Jamaica,2016,0,0
Jamaica,2017,0,0
Jamaica,2018,0,0
Jamaica,2019,0,0
Jamaica,2020,0,0
Jamaica,2021,0,0
Jamaica,2022,0,0
Jamaica,2023,0,0
Jamaica,2024,0,0
Japão,2010,74628,112178
Japão,2011,144662,100835
Japão,2012,116961,29281
Japão,2013,429088,91988
Japão,2014,401774,106426
Japão,2015,87853,31597
Japão,2016,90954,34341
Japão,2017,92886,33909
Japão,2018,112342,36992
Japão,2019,99642,40621
Japão,2020,92674,36442
Japão,2021,90275,39491
Japão,2022,82208,37324
Japão,2023,57780,22942
Japão,2024,66956,29320
Jordânia,2010,0,0
Jordânia,2011,0,0
Jordânia,2012,0,0
Jordânia,2013,0,0
Jordânia,2014,0,0
Jordânia,2015,0,0
Jordânia,2016,0,0
Jordânia,2017,0,0
Jordânia,2018,0,0
Jordânia,2019,0,0
Jordânia,2020,52,12
Jordânia,2021,0,0
Jordânia,2022,0,0
Jordânia,2023,0,0
Jordânia,2024,0,0
Letônia,2010,0,0
Letônia,2011,0,0
Letônia,2012,0,0
Letônia,2013,0,0
Letônia,2014,0,0
Letônia,2015,0,0
Letônia,2016,0,0
Letônia,2017,3723,387
Letônia,2018,0,0
Letônia,2019,0,0
Letônia,2020,0,0
Letônia,2021,0,0
Letônia,2022,0,0
Letônia,2023,8,8
Letônia,2024,144229,33273
Libéria,2010,0,0
Libéria,2011,0,0
Libéria,2012,0,0
Libéria,2013,0,0
Libéria,2014,0,0
Libéria,2015,0,0
Libéria,2016,0,0
Libéria,2017,0,0
Libéria,2018,3100,658
Libéria,2019,20068,4441
Libéria,2020,17624,5155
Libéria,2021,23060,7554
Libéria,2022,34815,9145
Libéria,2023,42463,39784
Libéria,2024,38576,12024
Luxemburgo,2010,32549,7344
Luxemburgo,2011,65592,9547
Luxemburgo,2012,16547,2444
Luxemburgo,2013,29474,5135
Luxemburgo,2014,52400,8281
Luxemburgo,2015,17358,2295
Luxemburgo,2016,21426,2759
Luxemburgo,2017,21947,2719
Luxemburgo,2018,11053,1778
Luxemburgo,2019,11211,1666
Luxemburgo,2020,5110,1086
Luxemburgo,2021,0,0
Luxemburgo,2022,802,36
Luxemburgo,2023,7048,581
Luxemburgo,2024,832,72
Líbano,2010,0,0
Líbano,2011,0,0
Líbano,2012,0,0
Líbano,2013,0,0
Líbano,2014,0,0
Líbano,2015,0,0
Líbano,2016,0,0
Líbano,2017,0,0
Líbano,2018,0,0
Líbano,2019,0,0
Líbano,2020,0,0
Líbano,2021,0,0
Líbano,2022,0,0
Líbano,2023,0,0
Líbano,2024,0,0
Macau,2010,0,0
Macau,2011,0,0
Macau,2012,0,0
Macau,2013,0,0
Macau,2014,0,0
Macau,2015,0,0
Macau,2016,0,0
Macau,2017,0,0
Macau,2018,0,0
Macau,2019,0,0
Macau,2020,0,0
Macau,2021,0,0
Macau,2022,0,0
Macau,2023,6,7
Macau,2024,0,0
Malavi,2010,0,0
Malavi,2011,0,0
Malavi,2012,0,0
Malavi,2013,0,0
Malavi,2014,0,0
Malavi,2015,0,0
Malavi,2016,0,0
Malavi,2017,0,0
Malavi,2018,0,0
Malavi,2019,0,0
Malavi,2020,0,0
Malavi,2021,0,0
Malavi,2022,0,0
Malavi,2023,6252,3660
Malavi,2024,0,0
Malta,2010,0,0
Malta,2011,0,0
Malta,2012,0,0
Malta,2013,0,0
Malta,2014,0,0
Malta,2015,0,0
Malta,2016,0,0
Malta,2017,0,0
Malta,2018,1192,503
Malta,2019,8828,3661
Malta,2020,9688,3490
Malta,2021,15454,3441
Malta,2022,15587,3127
Malta,2023,24199,6561
Malta,2024,16586,6302
Malásia,2010,0,0
Malásia,2011,0,0
Malásia,2012,0,0
Malásia,2013,0,0
Malásia,2014,0,0
Malásia,2015,0,0
Malásia,2016,0,0
Malásia,2017,0,0
Malásia,2018,33,15
Malásia,2019,110,48
Malásia,2020,0,0
Malásia,2021,0,0
Malásia,2022,0,0
Malásia,2023,0,0
Malásia,2024,0,0
"Marshall, Ilhas",2010,0,0
"Marshall, Ilhas",2011,0,0
"Marshall, Ilhas",2012,0,0
"Marshall, Ilhas",2013,0,0
"Marshall, Ilhas",2014,0,0
"Marshall, Ilhas",2015,0,0
"Marshall, Ilhas",2016,0,0
"Marshall, Ilhas",2017,0,0
"Marshall, Ilhas",2018,2436,923
"Marshall, Ilhas",2019,15786,7276
"Marshall, Ilhas",2020,19639,6270
"Marshall, Ilhas",2021,22561,8644
"Marshall, Ilhas",2022,27178,7240
"Marshall, Ilhas",2023,31691,7417
"Marshall, Ilhas",2024,23195,5628
Martinica,2010,0,0
Martinica,2011,0,0
Martinica,2012,0,0
Martinica,2013,0,0
Martinica,2014,0,0
Martinica,2015,0,0
Martinica,2016,0,0
Martinica,2017,0,0
Martinica,2018,0,0
Martinica,2019,0,0
Martinica,2020,0,0
Martinica,2021,0,0
Martinica,2022,0,0
Martinica,2023,31,9
Martinica,2024,0,0
Mauritânia,2010,0,0
Mauritânia,2011,0,0
Mauritânia,2012,0,0
Mauritânia,2013,0,0
Mauritânia,2014,0,0
Mauritânia,2015,0,0
Mauritânia,2016,0,0
Mauritânia,2017,0,0
Mauritânia,2018,0,0
Mauritânia,2019,0,0
Mauritânia,2020,0,0
Mauritânia,2021,85,9
Mauritânia,2022,0,0
Mauritânia,2023,0,0
Mauritânia,2024,0,0
Montenegro,2010,0,0
Montenegro,2011,0,0
Montenegro,2012,0,0
Montenegro,2013,0,0
Montenegro,2014,0,0
Montenegro,2015,0,0
Montenegro,2016,0,0
Montenegro,2017,0,0
Montenegro,2018,0,0
Montenegro,2019,46,9
Montenegro,2020,20,9
Montenegro,2021,65,14
Montenegro,2022,0,0
Montenegro,2023,0,0
Montenegro,2024,0,0
Moçambique,2010,0,0
Moçambique,2011,0,0
Moçambique,2012,0,0
Moçambique,2013,0,0
Moçambique,2014,0,0
Moçambique,2015,0,0
Moçambique,2016,0,0
Moçambique,2017,0,0
Moçambique,2018,0,0
Moçambique,2019,0,0
Moçambique,2020,0,0
Moçambique,2021,0,0
Moçambique,2022,1927,383
Moçambique,2023,0,0
Moçambique,2024,0,0
México,2010,0,0
México,2011,7200,1350
México,2012,0,0
México,2013,0,0
México,2014,24336,1521
México,2015,0,0
México,2016,0,0
México,2017,2292,664
México,2018,9744,2748
México,2019,4,4
México,2020,226,24
México,2021,2,9
México,2022,33,6
México,2023,19,3
México,2024,7938,2277
Namíbia,2010,0,0
Namíbia,2011,0,0
Namíbia,2012,0,0
Namíbia,2013,0,0
Namíbia,2014,0,0
Namíbia,2015,0,0
Namíbia,2016,0,0
Namíbia,2017,0,0
Namíbia,2018,0,0
Namíbia,2019,0,0
Namíbia,2020,0,0
Namíbia,2021,0,0
Namíbia,2022,0,0
Namíbia,2023,0,0
Namíbia,2024,0,0
Nicarágua,2010,0,0
Nicarágua,2011,0,0
Nicarágua,2012,0,0
Nicarágua,2013,0,0
Nicarágua,2014,0,0
Nicarágua,2015,0,0
Nicarágua,2016,0,0
Nicarágua,2017,0,0
Nicarágua,2018,0,0
Nicarágua,2019,0,0
Nicarágua,2020,0,0
Nicarágua,2021,0,0
Nicarágua,2022,0,0
Nicarágua,2023,0,0
Nicarágua,2024,0,0
Nigéria,2010,0,0
Nigéria,2011,210,54
Nigéria,2012,10196,6449
Nigéria,2013,2245,1350
Nigéria,2014,0,0
Nigéria,2015,0,0
Nigéria,2016,0,0
Nigéria,2017,0,0
Nigéria,2018,6250,5175
Nigéria,2019,38555,28437
Nigéria,2020,26514,12094
Nigéria,2021,113172,68247
Nigéria,2022,50283,32234
Nigéria,2023,16464,10800
Nigéria,2024,2052,808
Noruega,2010,0,0
Noruega,2011,78688,10268
Noruega,2012,31515,5104
Noruega,2013,19008,2375
Noruega,2014,50464,7179
Noruega,2015,6021,1058
Noruega,2016,0,0
Noruega,2017,0,0
Noruega,2018,9847,1295
Noruega,2019,3139,628
Noruega,2020,15134,1859
Noruega,2021,8320,1878
Noruega,2022,40316,2711
Noruega,2023,4243,861
Noruega,2024,2185,309
Nova Caledônia,2010,0,0
Nova Caledônia,2011,0,0
Nova Caledônia,2012,0,0
Nova Caledônia,2013,0,0
Nova Caledônia,2014,0,0
Nova Caledônia,2015,0,0
Nova Caledônia,2016,0,0
Nova Caledônia,2017,0,0
Nova Caledônia,2018,0,0
Nova Caledônia,2019,0,0
Nova Caledônia,2020,0,0
Nova Caledônia,2021,11924,7227
Nova Caledônia,2022,0,0
Nova Caledônia,2023,0,0
Nova Caledônia,2024,0,0
Nova Zelândia,2010,0,0
Nova Zelândia,2011,7992,2587
Nova Zelândia,2012,8817,2364
Nova Zelândia,2013,4092,1004
Nova Zelândia,2014,13675,2800
Nova Zelândia,2015,3476,809
Nova Zelândia,2016,9472,504
Nova Zelândia,2017,8140,1678
Nova Zelândia,2018,5565,969
Nova Zelândia,2019,2832,500
Nova Zelândia,2020,515,95
Nova Zelândia,2021,10477,657
Nova Zelândia,2022,156,63
Nova Zelândia,2023,7177,338
Nova Zelândia,2024,0,0
Omã,2010,0,0
Omã,2011,0,0
Omã,2012,0,0
Omã,2013,0,0
Omã,2014,0,0
Omã,2015,0,0
Omã,2016,0,0
Omã,2017,0,0
Omã,2018,0,0
Omã,2019,0,0
Omã,2020,0,0
Omã,2021,0,0
Omã,2022,670,194
Omã,2023,0,0
Omã,2024,0,0
Palau,2010,0,0
Palau,2011,0,0
Palau,2012,0,0
Palau,2013,0,0
Palau,2014,0,0
Palau,2015,0,0
Palau,2016,0,0
Palau,2017,0,0
Palau,2018,0,0
Palau,2019,0,0
Palau,2020,0,0
Palau,2021,0,0
Palau,2022,0,0
Palau,2023,143,45
Palau,2024,320,30
Panamá,2010,0,0
Panamá,2011,0,0
Panamá,2012,2262,39
Panamá,2013,0,0
Panamá,2014,0,0
Panamá,2015,0,0
Panamá,2016,0,0
Panamá,2017,0,0
Panamá,2018,3117,1183
Panamá,2019,29017,7918
Panamá,2020,28372,10821
Panamá,2021,48444,29520
Panamá,2022,49392,11490
Panamá,2023,68173,14785
Panamá,2024,97549,121432
Paraguai,2010,449197,510989
Paraguai,2011,276281,240168
Paraguai,2012,428279,354824
Paraguai,2013,680828,481564
Paraguai,2014,908028,521847
Paraguai,2015,741370,495428
Paraguai,2016,1655417,985739
Paraguai,2017,4274650,2393468
Paraguai,2018,5494321,3234168
Paraguai,2019,3826587,2419537
Paraguai,2020,3869243,3299013
Paraguai,2021,7192362,6522527
Paraguai,2022,7156293,5076670
Paraguai,2023,5517263,3780378
Paraguai,2024,5121857,3705268
Países Baixos,2010,302182,87368
Países Baixos,2011,395356,125414
Países Baixos,2012,539641,134879
Países Baixos,2013,255690,57792
Países Baixos,2014,773767,165289
Países Baixos,2015,186464,44987
Países Baixos,2016,190203,42953
Países Baixos,2017,0,0
Países Baixos,2018,32395,9451
Países Baixos,2019,148031,44882
Países Baixos,2020,1532,248
Países Baixos,2021,8484,3791
Países Baixos,2022,37240,7034
Países Baixos,2023,4958,2244
Países Baixos,2024,22785,3074
Peru,2010,0,0
Peru,2011,0,0
Peru,2012,0,0
Peru,2013,0,0
Peru,2014,0,0
Peru,2015,0,0
Peru,2016,0,0
Peru,2017,0,0
Peru,2018,19372,5193
Peru,2019,17310,9755
Peru,2020,0,0
Peru,2021,17107,9720
Peru,2022,0,0
Peru,2023,84282,47277
Peru,2024,0,0
Pitcairn,2010,0,0
Pitcairn,2011,0,0
Pitcairn,2012,0,0
Pitcairn,2013,0,0
Pitcairn,2014,0,0
Pitcairn,2015,0,0
Pitcairn,2016,0,0
Pitcairn,2017,0,0
Pitcairn,2018,0,0
Pitcairn,2019,0,0
Pitcairn,2020,0,0
Pitcairn,2021,0,0
Pitcairn,2022,0,0
Pitcairn,2023,22,11
Pitcairn,2024,0,0
Polônia,2010,95198,20464
Polônia,2011,50684,11732
Polônia,2012,89158,21663
Polônia,2013,90960,19249
Polônia,2014,107957,30181
Polônia,2015,42781,11654
Polônia,2016,35402,11457
Polônia,2017,0,0
Polônia,2018,4679,720
Polônia,2019,11,5
Polônia,2020,86,74
Polônia,2021,14,4
Polônia,2022,0,0
Polônia,2023,590,298
Polônia,2024,0,0
Porto Rico,2010,0,0
Porto Rico,2011,0,0
Porto Rico,2012,0,0
Porto Rico,2013,0,0
Porto Rico,2014,0,0
Porto Rico,2015,0,0
Porto Rico,2016,0,0
Porto Rico,2017,0,0
Porto Rico,2018,0,0
Porto Rico,2019,0,0
Porto Rico,2020,0,0
Porto Rico,2021,0,0
Porto Rico,2022,0,0
Porto Rico,2023,0,0
Porto Rico,2024,0,0
Portugal,2010,18970,4577
Portugal,2011,1031,95
Portugal,2012,47022,47172
Portugal,2013,17627,23810
Portugal,2014,79141,71544
Portugal,2015,42586,47736
Portugal,2016,0,0
Portugal,2017,0,0
Portugal,2018,0,0
Portugal,2019,72413,18328
Portugal,2020,34518,7958
Portugal,2021,42633,6358
Portugal,2022,7613,1918
Portugal,2023,46311,13742
Portugal,2024,50923,26340
Quênia,2010,0,0
Quênia,2011,0,0
Quênia,2012,458,94
Quênia,2013,4,6
Quênia,2014,0,0
Quênia,2015,0,0
Quênia,2016,0,0
Quênia,2017,0,0
Quênia,2018,31225,6771
Quênia,2019,0,0
Quênia,2020,0,0
Quênia,2021,0,0
Quênia,2022,2080,1440
Quênia,2023,0,0
Quênia,2024,0,0
Reino Unido,2010,295690,123624
Reino Unido,2011,285642,122629
Reino Unido,2012,334856,82937
Reino Unido,2013,305005,59161
Reino Unido,2014,1373747,305807
Reino Unido,2015,308407,68382
Reino Unido,2016,536681,117044
Reino Unido,2017,242883,60711
Reino Unido,2018,296827,67708
Reino Unido,2019,164592,34295
Reino Unido,2020,82722,22913
Reino Unido,2021,122394,25316
Reino Unido,2022,138154,18835
Reino Unido,2023,84547,11326
Reino Unido,2024,106713,14780
República Dominicana,2010,0,0
República Dominicana,2011,0,0
República Dominicana,2012,0,0
República Dominicana,2013,0,0
República Dominicana,2014,0,0
República Dominicana,2015,0,0
República Dominicana,2016,0,0
República Dominicana,2017,0,0
República Dominicana,2018,0,0
República Dominicana,2019,0,0
República Dominicana,2020,0,0
República Dominicana,2021,0,0
República Dominicana,2022,0,0
República Dominicana,2023,0,0
República Dominicana,2024,0,0
Rússia,2010,0,0
Rússia,2011,0,0
Rússia,2012,2103968,4528176
Rússia,2013,14795694,5893291
Rússia,2014,61440,190656
Rússia,2015,18240,47664
Rússia,2016,0,0
Rússia,2017,0,0
Rússia,2018,0,0
Rússia,2019,0,0
Rússia,2020,8550,1463
Rússia,2021,312926,181931
Rússia,2022,118618,66046
Rússia,2023,0,0
Rússia,2024,338,56
Senegal,2010,0,0
Senegal,2011,0,0
Senegal,2012,0,0
Senegal,2013,0,0
Senegal,2014,0,0
Senegal,2015,0,0
Senegal,2016,0,0
Senegal,2017,0,0
Senegal,2018,0,0
Senegal,2019,0,0
Senegal,2020,0,0
Senegal,2021,0,0
Senegal,2022,0,0
Senegal,2023,0,0
Senegal,2024,0,0
Serra Leoa,2010,0,0
Serra Leoa,2011,0,0
Serra Leoa,2012,0,0
Serra Leoa,2013,0,0
Serra Leoa,2014,0,0
Serra Leoa,2015,0,0
Serra Leoa,2016,0,0
Serra Leoa,2017,0,0
Serra Leoa,2018,0,0
Serra Leoa,2019,717,18
Serra Leoa,2020,13050,9240
Serra Leoa,2021,12955,6525
Serra Leoa,2022,15182,8101
Serra Leoa,2023,38548,23200
Serra Leoa,2024,68151,36608
Singapura,2010,0,0
Singapura,2011,0,0
Singapura,2012,0,0
Singapura,2013,0,0
Singapura,2014,0,0
Singapura,2015,0,0
Singapura,2016,0,0
Singapura,2017,0,0
Singapura,2018,0,0
Singapura,2019,0,0
Singapura,2020,0,0
Singapura,2021,14346,4504
Singapura,2022,15434,4322
Singapura,2023,19781,3941
Singapura,2024,20048,4141
Suazilândia,2010,0,0
Suazilândia,2011,0,0
Suazilândia,2012,0,0
Suazilândia,2013,0,0
Suazilândia,2014,0,0
Suazilândia,2015,0,0
Suazilândia,2016,0,0
Suazilândia,2017,0,0
Suazilândia,2018,0,0
Suazilândia,2019,0,0
Suazilândia,2020,0,0
Suazilândia,2021,24,10
Suazilândia,2022,0,0
Suazilândia,2023,0,0
Suazilândia,2024,0,0
Suriname,2010,1269,1836
Suriname,2011,3735,3774
Suriname,2012,1288,396
Suriname,2013,2960,1800
Suriname,2014,19,6
Suriname,2015,713,453
Suriname,2016,1375,900
Suriname,2017,5638,3690
Suriname,2018,0,0
Suriname,2019,4741,3206
Suriname,2020,5277,4185
Suriname,2021,1472,900
Suriname,2022,3360,1225
Suriname,2023,5235,3105
Suriname,2024,71483,27900
Suécia,2010,0,0
Suécia,2011,14476,1641
Suécia,2012,17280,2705
Suécia,2013,20183,3195
Suécia,2014,51057,10404
Suécia,2015,6404,1412
Suécia,2016,1214,291
Suécia,2017,64953,15445
Suécia,2018,34563,8062
Suécia,2019,761,28
Suécia,2020,24,6
Suécia,2021,74,23
Suécia,2022,18,5
Suécia,2023,0,0
Suécia,2024,0,0
Suíça,2010,21600,2025
Suíça,2011,0,0
Suíça,2012,47240,4014
Suíça,2013,29785,2997
Suíça,2014,231762,27933
Suíça,2015,85790,15872
Suíça,2016,33340,4230
Suíça,2017,74816,6525
Suíça,2018,0,0
Suíça,2019,28503,2223
Suíça,2020,27930,2827
Suíça,2021,6999,627
Suíça,2022,20863,1584
Suíça,2023,28763,2500
Suíça,2024,23791,2350
São Cristóvão e Névis,2010,0,0
São Cristóvão e Névis,2011,0,0
São Cristóvão e Névis,2012,0,0
São Cristóvão e Névis,2013,0,0
São Cristóvão e Névis,2014,0,0
São Cristóvão e Névis,2015,0,0
São Cristóvão e Névis,2016,0,0
São Cristóvão e Névis,2017,0,0
São Cristóvão e Névis,2018,0,0
São Cristóvão e Névis,2019,0,0
São Cristóvão e Névis,2020,0,0
São Cristóvão e Névis,2021,0,0
São Cristóvão e Névis,2022,0,0
São Cristóvão e Névis,2023,31,16
São Cristóvão e Névis,2024,0,0
São Tomé e Príncipe,2010,0,0
São Tomé e Príncipe,2011,0,0
São Tomé e Príncipe,2012,0,0
São Tomé e Príncipe,2013,0,0
São Tomé e Príncipe,2014,0,0
São Tomé e Príncipe,2015,0,0
São Tomé e Príncipe,2016,0,0
São Tomé e Príncipe,2017,0,0
São Tomé e Príncipe,2018,2357,2184
São Tomé e Príncipe,2019,0,0
São Tomé e Príncipe,2020,0,0
São Tomé e Príncipe,2021,0,0
São Tomé e Príncipe,2022,0,0
São Tomé e Príncipe,2023,0,0
São Tomé e Príncipe,2024,0,0
São Vicente e Granadinas,2010,0,0
São Vicente e Granadinas,2011,0,0
São Vicente e Granadinas,2012,0,0
São Vicente e Granadinas,2013,0,0
São Vicente e Granadinas,2014,0,0
São Vicente e Granadinas,2015,0,0
São Vicente e Granadinas,2016,0,0
São Vicente e Granadinas,2017,0,0
São Vicente e Granadinas,2018,0,0
São Vicente e Granadinas,2019,0,0
São Vicente e Granadinas,2020,0,0
São Vicente e Granadinas,2021,48,8
São Vicente e Granadinas,2022,51,20
São Vicente e Granadinas,2023,139,39
São Vicente e Granadinas,2024,0,0
Sérvia,2010,0,0
Sérvia,2011,0,0
Sérvia,2012,0,0
Sérvia,2013,0,0
Sérvia,2014,0,0
Sérvia,2015,0,0
Sérvia,2016,0,0
Sérvia,2017,0,0
Sérvia,2018,0,0
Sérvia,2019,0,0
Sérvia,2020,0,0
Sérvia,2021,0,0
Sérvia,2022,0,0
Sérvia,2023,0,0
Sérvia,2024,25379,10482
Tailândia,2010,0,0
Tailândia,2011,0,0
Tailândia,2012,0,0
Tailândia,2013,0,0
Tailândia,2014,0,0
Tailândia,2015,0,0
Tailândia,2016,0,0
Tailândia,2017,0,0
Tailândia,2018,45,8
Tailândia,2019,832,128
Tailândia,2020,1753,534
Tailândia,2021,2529,1334
Tailândia,2022,1713,432
Tailândia,2023,1387,189
Tailândia,2024,1910,266
Taiwan (Formosa),2010,0,0
Taiwan (Formosa),2011,10600,4500
Taiwan (Formosa),2012,0,0
Taiwan (Formosa),2013,0,0
Taiwan (Formosa),2014,67907,12519
Taiwan (Formosa),2015,23940,7200
Taiwan (Formosa),2016,80379,16967
Taiwan (Formosa),2017,43954,14988
Taiwan (Formosa),2018,18421,7589
Taiwan (Formosa),2019,67,12
Taiwan (Formosa),2020,4673,963
Taiwan (Formosa),2021,8153,1313
Taiwan (Formosa),2022,277,25
Taiwan (Formosa),2023,19998,4208
Taiwan (Formosa),2024,0,0
Tanzânia,2010,0,0
Tanzânia,2011,0,0
Tanzânia,2012,0,0
Tanzânia,2013,0,0
Tanzânia,2014,0,0
Tanzânia,2015,0,0
Tanzânia,2016,0,0
Tanzânia,2017,0,0
Tanzânia,2018,0,0
Tanzânia,2019,0,0
Tanzânia,2020,0,0
Tanzânia,2021,0,0
Tanzânia,2022,0,0
Tanzânia,2023,0,0
Tanzânia,2024,35,3
"Tcheca, República",2010,5285,1091
"Tcheca, República",2011,37271,6846
"Tcheca, República",2012,27789,7960
"Tcheca, República",2013,23549,3697
"Tcheca, República",2014,35005,4500
"Tcheca, República",2015,15304,2297
"Tcheca, República",2016,28473,3837
"Tcheca, República",2017,16947,2746
"Tcheca, República",2018,20980,2712
"Tcheca, República",2019,16391,2115
"Tcheca, República",2020,4805,563
"Tcheca, República",2021,5988,456
"Tcheca, República",2022,9997,1305
"Tcheca, República",2023,3348,405
"Tcheca, República",2024,20973,2273
Togo,2010,0,0
Togo,2011,0,0
Togo,2012,0,0
Togo,2013,0,0
Togo,2014,0,0
Togo,2015,0,0
Togo,2016,0,0
Togo,2017,0,0
Togo,2018,0,0
Togo,2019,0,0
Togo,2020,0,0
Togo,2021,2012,1890
Togo,2022,25608,17317
Togo,2023,25235,14550
Togo,2024,48070,27630
Toquelau,2010,0,0
Toquelau,2011,0,0
Toquelau,2012,0,0
Toquelau,2013,0,0
Toquelau,2014,0,0
Toquelau,2015,0,0
Toquelau,2016,0,0
Toquelau,2017,0,0
Toquelau,2018,0,0
Toquelau,2019,0,0
Toquelau,2020,0,0
Toquelau,2021,0,0
Toquelau,2022,0,0
Toquelau,2023,10,3
Toquelau,2024,0,0
Trinidade Tobago,2010,0,0
Trinidade Tobago,2011,0,0
Trinidade Tobago,2012,2720,531
Trinidade Tobago,2013,0,0
Trinidade Tobago,2014,1600,360
Trinidade Tobago,2015,0,0
Trinidade Tobago,2016,0,0
Trinidade Tobago,2017,0,0
Trinidade Tobago,2018,0,0
Trinidade Tobago,2019,0,0
Trinidade Tobago,2020,0,0
Trinidade Tobago,2021,0,0
Trinidade Tobago,2022,0,0
Trinidade Tobago,2023,0,0
Trinidade Tobago,2024,199,64
Tunísia,2010,0,0
Tunísia,2011,0,0
Tunísia,2012,0,0
Tunísia,2013,0,0
Tunísia,2014,0,0
Tunísia,2015,0,0
Tunísia,2016,0,0
Tunísia,2017,0,0
Tunísia,2018,0,0
Tunísia,2019,0,0
Tunísia,2020,0,0
Tunísia,2021,0,0
Tunísia,2022,0,0
Tunísia,2023,0,0
Tunísia,2024,0,0
Turquia,2010,0,0
Turquia,2011,0,0
Turquia,2012,0,0
Turquia,2013,0,0
Turquia,2014,0,0
Turquia,2015,0,0
Turquia,2016,0,0
Turquia,2017,0,0
Turquia,2018,150,360
Turquia,2019,209,115
Turquia,2020,0,0
Turquia,2021,878,343
Turquia,2022,503,418
Turquia,2023,95421,28104
Turquia,2024,540,216
Tuvalu,2010,0,0
Tuvalu,2011,0,0
Tuvalu,2012,0,0
Tuvalu,2013,0,0
Tuvalu,2014,0,0
Tuvalu,2015,0,0
Tuvalu,2016,0,0
Tuvalu,2017,0,0
Tuvalu,2018,0,0
Tuvalu,2019,0,0
Tuvalu,2020,4,2
Tuvalu,2021,0,0
Tuvalu,2022,0,0
Tuvalu,2023,0,0
Tuvalu,2024,0,0
Uruguai,2010,2929,914
Uruguai,2011,4404,1238
Uruguai,2012,3879,1135
Uruguai,2013,13343,1526
Uruguai,2014,0,0
Uruguai,2015,0,0
Uruguai,2016,0,0
Uruguai,2017,0,0
Uruguai,2018,29617,7711
Uruguai,2019,18497,6180
Uruguai,2020,0,0
Uruguai,2021,149842,136774
Uruguai,2022,997367,637117
Uruguai,2023,454271,326093
Uruguai,2024,62325,36729
Vanuatu,2010,0,0
Vanuatu,2011,0,0
Vanuatu,2012,0,0
Vanuatu,2013,0,0
Vanuatu,2014,0,0
Vanuatu,2015,0,0
Vanuatu,2016,0,0
Vanuatu,2017,0,0
Vanuatu,2018,0,0
Vanuatu,2019,0,0
Vanuatu,2020,31,18
Vanuatu,2021,0,0
Vanuatu,2022,0,0
Vanuatu,2023,0,0
Vanuatu,2024,0,0
Venezuela,2010,0,0
Venezuela,2011,0,0
Venezuela,2012,7492,1029
Venezuela,2013,0,0
Venezuela,2014,232,14
Venezuela,2015,0,0
Venezuela,2016,0,0
Venezuela,2017,2646,680
Venezuela,2018,355,71
Venezuela,2019,0,0
Venezuela,2020,9808,4086
Venezuela,2021,35944,26415
Venezuela,2022,32351,23220
Venezuela,2023,220512,141030
Venezuela,2024,199418,122922
Vietnã,2010,9977,8820
Vietnã,2011,0,0
Vietnã,2012,0,0
Vietnã,2013,0,0
Vietnã,2014,0,0
Vietnã,2015,0,0
Vietnã,2016,0,0
Vietnã,2017,0,0
Vietnã,2018,0,0
Vietnã,2019,32,20
Vietnã,2020,584,86
Vietnã,2021,0,0
Vietnã,2022,277,130
Vietnã,2023,128,72
Vietnã,2024,41,16
África do Sul,2010,0,0
África do Sul,2011,0,0
África do Sul,2012,0,0
África do Sul,2013,0,0
África do Sul,2014,0,0
África do Sul,2015,0,0
África do Sul,2016,0,0
África do Sul,2017,0,0
África do Sul,2018,0,0
África do Sul,2019,95,26
África do Sul,2020,21,4
África do Sul,2021,0,0
África do Sul,2022,0,0
África do Sul,2023,698,117
África do Sul,2024,1783,103
Áustria,2010,0,0
Áustria,2011,0,0
Áustria,2012,0,0
Áustria,2013,0,0
Áustria,2014,0,0
Áustria,2015,0,0
Áustria,2016,5220,675
Áustria,2017,0,0
Áustria,2018,0,0
Áustria,2019,0,0
Áustria,2020,0,0
Áustria,2021,0,0
Áustria,2022,212,6
Áustria,2023,0,0
Áustria,2024,0,0
Índia,2010,0,0
Índia,2011,0,0
Índia,2012,0,0
Índia,2013,0,0
Índia,2014,0,0
Índia,2015,0,0
Índia,2016,0,0
Índia,2017,0,0
Índia,2018,0,0
Índia,2019,273,51
Índia,2020,10,7
Índia,2021,86,13
Índia,2022,1021,247
Índia,2023,170,60
Índia,2024,0,0
